model_name,accuracy,precision,recall,f1_score,roc_auc
LogReg,0.9222222222222223,0.85,0.9714285714285714,0.9066666666666666,0.9828571428571429
